nama_provinsi,tahun,nilai,indikator
ACEH,2010,12.9,Harapan Lama Sekolah
ACEH,2010,8.28,Rata-rata Lama Sekolah
ACEH,2011,13.03,Harapan Lama Sekolah
ACEH,2011,8.32,Rata-rata Lama Sekolah
ACEH,2012,13.19,Harapan Lama Sekolah
ACEH,2012,8.36,Rata-rata Lama Sekolah
ACEH,2013,13.36,Harapan Lama Sekolah
ACEH,2013,8.44,Rata-rata Lama Sekolah
ACEH,2014,13.53,Harapan Lama Sekolah
ACEH,2014,8.71,Rata-rata Lama Sekolah
ACEH,2015,13.73,Harapan Lama Sekolah
ACEH,2015,8.77,Rata-rata Lama Sekolah
ACEH,2016,13.89,Harapan Lama Sekolah
ACEH,2016,8.86,Rata-rata Lama Sekolah
ACEH,2017,14.13,Harapan Lama Sekolah
ACEH,2017,8.98,Rata-rata Lama Sekolah
ACEH,2018,14.27,Harapan Lama Sekolah
ACEH,2018,9.09,Rata-rata Lama Sekolah
ACEH,2019,14.3,Harapan Lama Sekolah
ACEH,2019,9.18,Rata-rata Lama Sekolah
ACEH,2020,14.31,Harapan Lama Sekolah
ACEH,2020,9.33,Rata-rata Lama Sekolah
ACEH,2021,14.36,Harapan Lama Sekolah
ACEH,2021,9.37,Rata-rata Lama Sekolah
ACEH,2022,14.37,Harapan Lama Sekolah
ACEH,2022,9.44,Rata-rata Lama Sekolah
ACEH,2023,14.38,Harapan Lama Sekolah
ACEH,2023,9.55,Rata-rata Lama Sekolah
ACEH,2024,14.39,Harapan Lama Sekolah
ACEH,2024,9.64,Rata-rata Lama Sekolah
BALI,2010,11.71,Harapan Lama Sekolah
BALI,2010,7.74,Rata-rata Lama Sekolah
BALI,2011,12.12,Harapan Lama Sekolah
BALI,2011,7.77,Rata-rata Lama Sekolah
BALI,2012,12.26,Harapan Lama Sekolah
BALI,2012,8.05,Rata-rata Lama Sekolah
BALI,2013,12.4,Harapan Lama Sekolah
BALI,2013,8.1,Rata-rata Lama Sekolah
BALI,2014,12.64,Harapan Lama Sekolah
BALI,2014,8.11,Rata-rata Lama Sekolah
BALI,2015,12.97,Harapan Lama Sekolah
BALI,2015,8.26,Rata-rata Lama Sekolah
BALI,2016,13.04,Harapan Lama Sekolah
BALI,2016,8.36,Rata-rata Lama Sekolah
BALI,2017,13.21,Harapan Lama Sekolah
BALI,2017,8.55,Rata-rata Lama Sekolah
BALI,2018,13.23,Harapan Lama Sekolah
BALI,2018,8.65,Rata-rata Lama Sekolah
BALI,2019,13.27,Harapan Lama Sekolah
BALI,2019,8.84,Rata-rata Lama Sekolah
BALI,2020,13.33,Harapan Lama Sekolah
BALI,2020,8.95,Rata-rata Lama Sekolah
BALI,2021,13.4,Harapan Lama Sekolah
BALI,2021,9.06,Rata-rata Lama Sekolah
BALI,2022,13.48,Harapan Lama Sekolah
BALI,2022,9.39,Rata-rata Lama Sekolah
BALI,2023,13.58,Harapan Lama Sekolah
BALI,2023,9.45,Rata-rata Lama Sekolah
BALI,2024,13.62,Harapan Lama Sekolah
BALI,2024,9.54,Rata-rata Lama Sekolah
BANTEN,2010,11.02,Harapan Lama Sekolah
BANTEN,2010,7.92,Rata-rata Lama Sekolah
BANTEN,2011,11.41,Harapan Lama Sekolah
BANTEN,2011,7.95,Rata-rata Lama Sekolah
BANTEN,2012,11.79,Harapan Lama Sekolah
BANTEN,2012,8.06,Rata-rata Lama Sekolah
BANTEN,2013,12.05,Harapan Lama Sekolah
BANTEN,2013,8.17,Rata-rata Lama Sekolah
BANTEN,2014,12.31,Harapan Lama Sekolah
BANTEN,2014,8.19,Rata-rata Lama Sekolah
BANTEN,2015,12.35,Harapan Lama Sekolah
BANTEN,2015,8.27,Rata-rata Lama Sekolah
BANTEN,2016,12.7,Harapan Lama Sekolah
BANTEN,2016,8.37,Rata-rata Lama Sekolah
BANTEN,2017,12.78,Harapan Lama Sekolah
BANTEN,2017,8.53,Rata-rata Lama Sekolah
BANTEN,2018,12.85,Harapan Lama Sekolah
BANTEN,2018,8.62,Rata-rata Lama Sekolah
BANTEN,2019,12.88,Harapan Lama Sekolah
BANTEN,2019,8.74,Rata-rata Lama Sekolah
BANTEN,2020,12.89,Harapan Lama Sekolah
BANTEN,2020,8.89,Rata-rata Lama Sekolah
BANTEN,2021,13.02,Harapan Lama Sekolah
BANTEN,2021,8.93,Rata-rata Lama Sekolah
BANTEN,2022,13.05,Harapan Lama Sekolah
BANTEN,2022,9.13,Rata-rata Lama Sekolah
BANTEN,2023,13.09,Harapan Lama Sekolah
BANTEN,2023,9.15,Rata-rata Lama Sekolah
BANTEN,2024,13.1,Harapan Lama Sekolah
BANTEN,2024,9.23,Rata-rata Lama Sekolah
BENGKULU,2010,11.59,Harapan Lama Sekolah
BENGKULU,2010,7.85,Rata-rata Lama Sekolah
BENGKULU,2011,11.88,Harapan Lama Sekolah
BENGKULU,2011,7.93,Rata-rata Lama Sekolah
BENGKULU,2012,12.2,Harapan Lama Sekolah
BENGKULU,2012,8.01,Rata-rata Lama Sekolah
BENGKULU,2013,12.78,Harapan Lama Sekolah
BENGKULU,2013,8.09,Rata-rata Lama Sekolah
BENGKULU,2014,13.01,Harapan Lama Sekolah
BENGKULU,2014,8.28,Rata-rata Lama Sekolah
BENGKULU,2015,13.18,Harapan Lama Sekolah
BENGKULU,2015,8.29,Rata-rata Lama Sekolah
BENGKULU,2016,13.38,Harapan Lama Sekolah
BENGKULU,2016,8.37,Rata-rata Lama Sekolah
BENGKULU,2017,13.57,Harapan Lama Sekolah
BENGKULU,2017,8.47,Rata-rata Lama Sekolah
BENGKULU,2018,13.58,Harapan Lama Sekolah
BENGKULU,2018,8.61,Rata-rata Lama Sekolah
BENGKULU,2019,13.59,Harapan Lama Sekolah
BENGKULU,2019,8.73,Rata-rata Lama Sekolah
BENGKULU,2020,13.61,Harapan Lama Sekolah
BENGKULU,2020,8.84,Rata-rata Lama Sekolah
BENGKULU,2021,13.67,Harapan Lama Sekolah
BENGKULU,2021,8.87,Rata-rata Lama Sekolah
BENGKULU,2022,13.68,Harapan Lama Sekolah
BENGKULU,2022,8.91,Rata-rata Lama Sekolah
BENGKULU,2023,13.74,Harapan Lama Sekolah
BENGKULU,2023,9.03,Rata-rata Lama Sekolah
BENGKULU,2024,13.75,Harapan Lama Sekolah
BENGKULU,2024,9.04,Rata-rata Lama Sekolah
DI YOGYAKARTA,2010,14.15,Harapan Lama Sekolah
DI YOGYAKARTA,2010,8.51,Rata-rata Lama Sekolah
DI YOGYAKARTA,2011,14.61,Harapan Lama Sekolah
DI YOGYAKARTA,2011,8.53,Rata-rata Lama Sekolah
DI YOGYAKARTA,2012,14.64,Harapan Lama Sekolah
DI YOGYAKARTA,2012,8.63,Rata-rata Lama Sekolah
DI YOGYAKARTA,2013,14.67,Harapan Lama Sekolah
DI YOGYAKARTA,2013,8.72,Rata-rata Lama Sekolah
DI YOGYAKARTA,2014,14.85,Harapan Lama Sekolah
DI YOGYAKARTA,2014,8.84,Rata-rata Lama Sekolah
DI YOGYAKARTA,2015,15.03,Harapan Lama Sekolah
DI YOGYAKARTA,2015,9.0,Rata-rata Lama Sekolah
DI YOGYAKARTA,2016,15.23,Harapan Lama Sekolah
DI YOGYAKARTA,2016,9.12,Rata-rata Lama Sekolah
DI YOGYAKARTA,2017,15.42,Harapan Lama Sekolah
DI YOGYAKARTA,2017,9.19,Rata-rata Lama Sekolah
DI YOGYAKARTA,2018,15.56,Harapan Lama Sekolah
DI YOGYAKARTA,2018,9.32,Rata-rata Lama Sekolah
DI YOGYAKARTA,2019,15.58,Harapan Lama Sekolah
DI YOGYAKARTA,2019,9.38,Rata-rata Lama Sekolah
DI YOGYAKARTA,2020,15.59,Harapan Lama Sekolah
DI YOGYAKARTA,2020,9.55,Rata-rata Lama Sekolah
DI YOGYAKARTA,2021,15.64,Harapan Lama Sekolah
DI YOGYAKARTA,2021,9.64,Rata-rata Lama Sekolah
DI YOGYAKARTA,2022,15.65,Harapan Lama Sekolah
DI YOGYAKARTA,2022,9.75,Rata-rata Lama Sekolah
DI YOGYAKARTA,2023,15.66,Harapan Lama Sekolah
DI YOGYAKARTA,2023,9.83,Rata-rata Lama Sekolah
DI YOGYAKARTA,2024,15.7,Harapan Lama Sekolah
DI YOGYAKARTA,2024,9.92,Rata-rata Lama Sekolah
DKI JAKARTA,2010,11.86,Harapan Lama Sekolah
DKI JAKARTA,2010,10.37,Rata-rata Lama Sekolah
DKI JAKARTA,2011,11.91,Harapan Lama Sekolah
DKI JAKARTA,2011,10.4,Rata-rata Lama Sekolah
DKI JAKARTA,2012,11.96,Harapan Lama Sekolah
DKI JAKARTA,2012,10.43,Rata-rata Lama Sekolah
DKI JAKARTA,2013,12.24,Harapan Lama Sekolah
DKI JAKARTA,2013,10.47,Rata-rata Lama Sekolah
DKI JAKARTA,2014,12.38,Harapan Lama Sekolah
DKI JAKARTA,2014,10.54,Rata-rata Lama Sekolah
DKI JAKARTA,2015,12.59,Harapan Lama Sekolah
DKI JAKARTA,2015,10.7,Rata-rata Lama Sekolah
DKI JAKARTA,2016,12.73,Harapan Lama Sekolah
DKI JAKARTA,2016,10.88,Rata-rata Lama Sekolah
DKI JAKARTA,2017,12.86,Harapan Lama Sekolah
DKI JAKARTA,2017,11.02,Rata-rata Lama Sekolah
DKI JAKARTA,2018,12.95,Harapan Lama Sekolah
DKI JAKARTA,2018,11.05,Rata-rata Lama Sekolah
DKI JAKARTA,2019,12.97,Harapan Lama Sekolah
DKI JAKARTA,2019,11.06,Rata-rata Lama Sekolah
DKI JAKARTA,2020,12.98,Harapan Lama Sekolah
DKI JAKARTA,2020,11.13,Rata-rata Lama Sekolah
DKI JAKARTA,2021,13.07,Harapan Lama Sekolah
DKI JAKARTA,2021,11.17,Rata-rata Lama Sekolah
DKI JAKARTA,2022,13.08,Harapan Lama Sekolah
DKI JAKARTA,2022,11.31,Rata-rata Lama Sekolah
DKI JAKARTA,2023,13.33,Harapan Lama Sekolah
DKI JAKARTA,2023,11.45,Rata-rata Lama Sekolah
DKI JAKARTA,2024,13.51,Harapan Lama Sekolah
DKI JAKARTA,2024,11.49,Rata-rata Lama Sekolah
GORONTALO,2010,11.12,Harapan Lama Sekolah
GORONTALO,2010,6.85,Rata-rata Lama Sekolah
GORONTALO,2011,11.68,Harapan Lama Sekolah
GORONTALO,2011,6.89,Rata-rata Lama Sekolah
GORONTALO,2012,11.78,Harapan Lama Sekolah
GORONTALO,2012,6.92,Rata-rata Lama Sekolah
GORONTALO,2013,12.13,Harapan Lama Sekolah
GORONTALO,2013,6.96,Rata-rata Lama Sekolah
GORONTALO,2014,12.49,Harapan Lama Sekolah
GORONTALO,2014,6.97,Rata-rata Lama Sekolah
GORONTALO,2015,12.7,Harapan Lama Sekolah
GORONTALO,2015,7.05,Rata-rata Lama Sekolah
GORONTALO,2016,12.88,Harapan Lama Sekolah
GORONTALO,2016,7.12,Rata-rata Lama Sekolah
GORONTALO,2017,13.01,Harapan Lama Sekolah
GORONTALO,2017,7.28,Rata-rata Lama Sekolah
GORONTALO,2018,13.03,Harapan Lama Sekolah
GORONTALO,2018,7.46,Rata-rata Lama Sekolah
GORONTALO,2019,13.06,Harapan Lama Sekolah
GORONTALO,2019,7.69,Rata-rata Lama Sekolah
GORONTALO,2020,13.08,Harapan Lama Sekolah
GORONTALO,2020,7.82,Rata-rata Lama Sekolah
GORONTALO,2021,13.11,Harapan Lama Sekolah
GORONTALO,2021,7.9,Rata-rata Lama Sekolah
GORONTALO,2022,13.12,Harapan Lama Sekolah
GORONTALO,2022,8.02,Rata-rata Lama Sekolah
GORONTALO,2023,13.16,Harapan Lama Sekolah
GORONTALO,2023,8.1,Rata-rata Lama Sekolah
GORONTALO,2024,13.17,Harapan Lama Sekolah
GORONTALO,2024,8.29,Rata-rata Lama Sekolah
JAMBI,2010,11.34,Harapan Lama Sekolah
JAMBI,2010,7.34,Rata-rata Lama Sekolah
JAMBI,2011,11.6,Harapan Lama Sekolah
JAMBI,2011,7.48,Rata-rata Lama Sekolah
JAMBI,2012,11.73,Harapan Lama Sekolah
JAMBI,2012,7.69,Rata-rata Lama Sekolah
JAMBI,2013,12.17,Harapan Lama Sekolah
JAMBI,2013,7.8,Rata-rata Lama Sekolah
JAMBI,2014,12.38,Harapan Lama Sekolah
JAMBI,2014,7.92,Rata-rata Lama Sekolah
JAMBI,2015,12.57,Harapan Lama Sekolah
JAMBI,2015,7.96,Rata-rata Lama Sekolah
JAMBI,2016,12.72,Harapan Lama Sekolah
JAMBI,2016,8.07,Rata-rata Lama Sekolah
JAMBI,2017,12.87,Harapan Lama Sekolah
JAMBI,2017,8.15,Rata-rata Lama Sekolah
JAMBI,2018,12.9,Harapan Lama Sekolah
JAMBI,2018,8.23,Rata-rata Lama Sekolah
JAMBI,2019,12.93,Harapan Lama Sekolah
JAMBI,2019,8.45,Rata-rata Lama Sekolah
JAMBI,2020,12.98,Harapan Lama Sekolah
JAMBI,2020,8.55,Rata-rata Lama Sekolah
JAMBI,2021,13.04,Harapan Lama Sekolah
JAMBI,2021,8.6,Rata-rata Lama Sekolah
JAMBI,2022,13.05,Harapan Lama Sekolah
JAMBI,2022,8.68,Rata-rata Lama Sekolah
JAMBI,2023,13.13,Harapan Lama Sekolah
JAMBI,2023,8.81,Rata-rata Lama Sekolah
JAMBI,2024,13.14,Harapan Lama Sekolah
JAMBI,2024,8.9,Rata-rata Lama Sekolah
JAWA BARAT,2010,10.69,Harapan Lama Sekolah
JAWA BARAT,2010,7.4,Rata-rata Lama Sekolah
JAWA BARAT,2011,10.91,Harapan Lama Sekolah
JAWA BARAT,2011,7.46,Rata-rata Lama Sekolah
JAWA BARAT,2012,11.24,Harapan Lama Sekolah
JAWA BARAT,2012,7.52,Rata-rata Lama Sekolah
JAWA BARAT,2013,11.81,Harapan Lama Sekolah
JAWA BARAT,2013,7.58,Rata-rata Lama Sekolah
JAWA BARAT,2014,12.08,Harapan Lama Sekolah
JAWA BARAT,2014,7.71,Rata-rata Lama Sekolah
JAWA BARAT,2015,12.15,Harapan Lama Sekolah
JAWA BARAT,2015,7.86,Rata-rata Lama Sekolah
JAWA BARAT,2016,12.3,Harapan Lama Sekolah
JAWA BARAT,2016,7.95,Rata-rata Lama Sekolah
JAWA BARAT,2017,12.42,Harapan Lama Sekolah
JAWA BARAT,2017,8.14,Rata-rata Lama Sekolah
JAWA BARAT,2018,12.45,Harapan Lama Sekolah
JAWA BARAT,2018,8.15,Rata-rata Lama Sekolah
JAWA BARAT,2019,12.48,Harapan Lama Sekolah
JAWA BARAT,2019,8.37,Rata-rata Lama Sekolah
JAWA BARAT,2020,12.5,Harapan Lama Sekolah
JAWA BARAT,2020,8.55,Rata-rata Lama Sekolah
JAWA BARAT,2021,12.61,Harapan Lama Sekolah
JAWA BARAT,2021,8.61,Rata-rata Lama Sekolah
JAWA BARAT,2022,12.62,Harapan Lama Sekolah
JAWA BARAT,2022,8.78,Rata-rata Lama Sekolah
JAWA BARAT,2023,12.68,Harapan Lama Sekolah
JAWA BARAT,2023,8.83,Rata-rata Lama Sekolah
JAWA BARAT,2024,12.8,Harapan Lama Sekolah
JAWA BARAT,2024,8.87,Rata-rata Lama Sekolah
JAWA TENGAH,2010,11.09,Harapan Lama Sekolah
JAWA TENGAH,2010,6.71,Rata-rata Lama Sekolah
JAWA TENGAH,2011,11.18,Harapan Lama Sekolah
JAWA TENGAH,2011,6.74,Rata-rata Lama Sekolah
JAWA TENGAH,2012,11.39,Harapan Lama Sekolah
JAWA TENGAH,2012,6.77,Rata-rata Lama Sekolah
JAWA TENGAH,2013,11.89,Harapan Lama Sekolah
JAWA TENGAH,2013,6.8,Rata-rata Lama Sekolah
JAWA TENGAH,2014,12.17,Harapan Lama Sekolah
JAWA TENGAH,2014,6.93,Rata-rata Lama Sekolah
JAWA TENGAH,2015,12.38,Harapan Lama Sekolah
JAWA TENGAH,2015,7.03,Rata-rata Lama Sekolah
JAWA TENGAH,2016,12.45,Harapan Lama Sekolah
JAWA TENGAH,2016,7.15,Rata-rata Lama Sekolah
JAWA TENGAH,2017,12.57,Harapan Lama Sekolah
JAWA TENGAH,2017,7.27,Rata-rata Lama Sekolah
JAWA TENGAH,2018,12.63,Harapan Lama Sekolah
JAWA TENGAH,2018,7.35,Rata-rata Lama Sekolah
JAWA TENGAH,2019,12.68,Harapan Lama Sekolah
JAWA TENGAH,2019,7.53,Rata-rata Lama Sekolah
JAWA TENGAH,2020,12.7,Harapan Lama Sekolah
JAWA TENGAH,2020,7.69,Rata-rata Lama Sekolah
JAWA TENGAH,2021,12.77,Harapan Lama Sekolah
JAWA TENGAH,2021,7.75,Rata-rata Lama Sekolah
JAWA TENGAH,2022,12.81,Harapan Lama Sekolah
JAWA TENGAH,2022,7.93,Rata-rata Lama Sekolah
JAWA TENGAH,2023,12.85,Harapan Lama Sekolah
JAWA TENGAH,2023,8.01,Rata-rata Lama Sekolah
JAWA TENGAH,2024,12.86,Harapan Lama Sekolah
JAWA TENGAH,2024,8.02,Rata-rata Lama Sekolah
JAWA TIMUR,2010,11.49,Harapan Lama Sekolah
JAWA TIMUR,2010,6.73,Rata-rata Lama Sekolah
JAWA TIMUR,2011,11.62,Harapan Lama Sekolah
JAWA TIMUR,2011,6.79,Rata-rata Lama Sekolah
JAWA TIMUR,2012,11.74,Harapan Lama Sekolah
JAWA TIMUR,2012,6.85,Rata-rata Lama Sekolah
JAWA TIMUR,2013,12.17,Harapan Lama Sekolah
JAWA TIMUR,2013,6.9,Rata-rata Lama Sekolah
JAWA TIMUR,2014,12.45,Harapan Lama Sekolah
JAWA TIMUR,2014,7.05,Rata-rata Lama Sekolah
JAWA TIMUR,2015,12.66,Harapan Lama Sekolah
JAWA TIMUR,2015,7.14,Rata-rata Lama Sekolah
JAWA TIMUR,2016,12.98,Harapan Lama Sekolah
JAWA TIMUR,2016,7.23,Rata-rata Lama Sekolah
JAWA TIMUR,2017,13.09,Harapan Lama Sekolah
JAWA TIMUR,2017,7.34,Rata-rata Lama Sekolah
JAWA TIMUR,2018,13.1,Harapan Lama Sekolah
JAWA TIMUR,2018,7.39,Rata-rata Lama Sekolah
JAWA TIMUR,2019,13.16,Harapan Lama Sekolah
JAWA TIMUR,2019,7.59,Rata-rata Lama Sekolah
JAWA TIMUR,2020,13.19,Harapan Lama Sekolah
JAWA TIMUR,2020,7.78,Rata-rata Lama Sekolah
JAWA TIMUR,2021,13.36,Harapan Lama Sekolah
JAWA TIMUR,2021,7.88,Rata-rata Lama Sekolah
JAWA TIMUR,2022,13.37,Harapan Lama Sekolah
JAWA TIMUR,2022,8.03,Rata-rata Lama Sekolah
JAWA TIMUR,2023,13.38,Harapan Lama Sekolah
JAWA TIMUR,2023,8.11,Rata-rata Lama Sekolah
JAWA TIMUR,2024,13.43,Harapan Lama Sekolah
JAWA TIMUR,2024,8.28,Rata-rata Lama Sekolah
KALIMANTAN BARAT,2010,10.79,Harapan Lama Sekolah
KALIMANTAN BARAT,2010,6.27,Rata-rata Lama Sekolah
KALIMANTAN BARAT,2011,10.8,Harapan Lama Sekolah
KALIMANTAN BARAT,2011,6.32,Rata-rata Lama Sekolah
KALIMANTAN BARAT,2012,11.11,Harapan Lama Sekolah
KALIMANTAN BARAT,2012,6.62,Rata-rata Lama Sekolah
KALIMANTAN BARAT,2013,11.6,Harapan Lama Sekolah
KALIMANTAN BARAT,2013,6.69,Rata-rata Lama Sekolah
KALIMANTAN BARAT,2014,11.89,Harapan Lama Sekolah
KALIMANTAN BARAT,2014,6.83,Rata-rata Lama Sekolah
KALIMANTAN BARAT,2015,12.25,Harapan Lama Sekolah
KALIMANTAN BARAT,2015,6.93,Rata-rata Lama Sekolah
KALIMANTAN BARAT,2016,12.37,Harapan Lama Sekolah
KALIMANTAN BARAT,2016,6.98,Rata-rata Lama Sekolah
KALIMANTAN BARAT,2017,12.5,Harapan Lama Sekolah
KALIMANTAN BARAT,2017,7.05,Rata-rata Lama Sekolah
KALIMANTAN BARAT,2018,12.55,Harapan Lama Sekolah
KALIMANTAN BARAT,2018,7.12,Rata-rata Lama Sekolah
KALIMANTAN BARAT,2019,12.58,Harapan Lama Sekolah
KALIMANTAN BARAT,2019,7.31,Rata-rata Lama Sekolah
KALIMANTAN BARAT,2020,12.6,Harapan Lama Sekolah
KALIMANTAN BARAT,2020,7.37,Rata-rata Lama Sekolah
KALIMANTAN BARAT,2021,12.65,Harapan Lama Sekolah
KALIMANTAN BARAT,2021,7.45,Rata-rata Lama Sekolah
KALIMANTAN BARAT,2022,12.66,Harapan Lama Sekolah
KALIMANTAN BARAT,2022,7.59,Rata-rata Lama Sekolah
KALIMANTAN BARAT,2023,12.67,Harapan Lama Sekolah
KALIMANTAN BARAT,2023,7.71,Rata-rata Lama Sekolah
KALIMANTAN BARAT,2024,12.68,Harapan Lama Sekolah
KALIMANTAN BARAT,2024,7.78,Rata-rata Lama Sekolah
KALIMANTAN SELATAN,2010,10.86,Harapan Lama Sekolah
KALIMANTAN SELATAN,2010,7.25,Rata-rata Lama Sekolah
KALIMANTAN SELATAN,2011,11.14,Harapan Lama Sekolah
KALIMANTAN SELATAN,2011,7.37,Rata-rata Lama Sekolah
KALIMANTAN SELATAN,2012,11.54,Harapan Lama Sekolah
KALIMANTAN SELATAN,2012,7.48,Rata-rata Lama Sekolah
KALIMANTAN SELATAN,2013,11.67,Harapan Lama Sekolah
KALIMANTAN SELATAN,2013,7.59,Rata-rata Lama Sekolah
KALIMANTAN SELATAN,2014,11.96,Harapan Lama Sekolah
KALIMANTAN SELATAN,2014,7.6,Rata-rata Lama Sekolah
KALIMANTAN SELATAN,2015,12.21,Harapan Lama Sekolah
KALIMANTAN SELATAN,2015,7.76,Rata-rata Lama Sekolah
KALIMANTAN SELATAN,2016,12.29,Harapan Lama Sekolah
KALIMANTAN SELATAN,2016,7.89,Rata-rata Lama Sekolah
KALIMANTAN SELATAN,2017,12.46,Harapan Lama Sekolah
KALIMANTAN SELATAN,2017,7.99,Rata-rata Lama Sekolah
KALIMANTAN SELATAN,2018,12.5,Harapan Lama Sekolah
KALIMANTAN SELATAN,2018,8.0,Rata-rata Lama Sekolah
KALIMANTAN SELATAN,2019,12.52,Harapan Lama Sekolah
KALIMANTAN SELATAN,2019,8.2,Rata-rata Lama Sekolah
KALIMANTAN SELATAN,2020,12.68,Harapan Lama Sekolah
KALIMANTAN SELATAN,2020,8.29,Rata-rata Lama Sekolah
KALIMANTAN SELATAN,2021,12.81,Harapan Lama Sekolah
KALIMANTAN SELATAN,2021,8.34,Rata-rata Lama Sekolah
KALIMANTAN SELATAN,2022,12.82,Harapan Lama Sekolah
KALIMANTAN SELATAN,2022,8.46,Rata-rata Lama Sekolah
KALIMANTAN SELATAN,2023,12.86,Harapan Lama Sekolah
KALIMANTAN SELATAN,2023,8.55,Rata-rata Lama Sekolah
KALIMANTAN SELATAN,2024,12.87,Harapan Lama Sekolah
KALIMANTAN SELATAN,2024,8.62,Rata-rata Lama Sekolah
KALIMANTAN TENGAH,2010,11.09,Harapan Lama Sekolah
KALIMANTAN TENGAH,2010,7.62,Rata-rata Lama Sekolah
KALIMANTAN TENGAH,2011,11.15,Harapan Lama Sekolah
KALIMANTAN TENGAH,2011,7.68,Rata-rata Lama Sekolah
KALIMANTAN TENGAH,2012,11.22,Harapan Lama Sekolah
KALIMANTAN TENGAH,2012,7.73,Rata-rata Lama Sekolah
KALIMANTAN TENGAH,2013,11.71,Harapan Lama Sekolah
KALIMANTAN TENGAH,2013,7.79,Rata-rata Lama Sekolah
KALIMANTAN TENGAH,2014,11.93,Harapan Lama Sekolah
KALIMANTAN TENGAH,2014,7.82,Rata-rata Lama Sekolah
KALIMANTAN TENGAH,2015,12.22,Harapan Lama Sekolah
KALIMANTAN TENGAH,2015,8.03,Rata-rata Lama Sekolah
KALIMANTAN TENGAH,2016,12.33,Harapan Lama Sekolah
KALIMANTAN TENGAH,2016,8.13,Rata-rata Lama Sekolah
KALIMANTAN TENGAH,2017,12.45,Harapan Lama Sekolah
KALIMANTAN TENGAH,2017,8.29,Rata-rata Lama Sekolah
KALIMANTAN TENGAH,2018,12.55,Harapan Lama Sekolah
KALIMANTAN TENGAH,2018,8.37,Rata-rata Lama Sekolah
KALIMANTAN TENGAH,2019,12.57,Harapan Lama Sekolah
KALIMANTAN TENGAH,2019,8.51,Rata-rata Lama Sekolah
KALIMANTAN TENGAH,2020,12.66,Harapan Lama Sekolah
KALIMANTAN TENGAH,2020,8.59,Rata-rata Lama Sekolah
KALIMANTAN TENGAH,2021,12.74,Harapan Lama Sekolah
KALIMANTAN TENGAH,2021,8.64,Rata-rata Lama Sekolah
KALIMANTAN TENGAH,2022,12.75,Harapan Lama Sekolah
KALIMANTAN TENGAH,2022,8.65,Rata-rata Lama Sekolah
KALIMANTAN TENGAH,2023,12.76,Harapan Lama Sekolah
KALIMANTAN TENGAH,2023,8.73,Rata-rata Lama Sekolah
KALIMANTAN TENGAH,2024,12.77,Harapan Lama Sekolah
KALIMANTAN TENGAH,2024,8.81,Rata-rata Lama Sekolah
KALIMANTAN TIMUR,2010,11.87,Harapan Lama Sekolah
KALIMANTAN TIMUR,2010,8.56,Rata-rata Lama Sekolah
KALIMANTAN TIMUR,2011,12.06,Harapan Lama Sekolah
KALIMANTAN TIMUR,2011,8.79,Rata-rata Lama Sekolah
KALIMANTAN TIMUR,2012,12.46,Harapan Lama Sekolah
KALIMANTAN TIMUR,2012,8.83,Rata-rata Lama Sekolah
KALIMANTAN TIMUR,2013,12.85,Harapan Lama Sekolah
KALIMANTAN TIMUR,2013,8.87,Rata-rata Lama Sekolah
KALIMANTAN TIMUR,2014,13.17,Harapan Lama Sekolah
KALIMANTAN TIMUR,2014,9.04,Rata-rata Lama Sekolah
KALIMANTAN TIMUR,2015,13.18,Harapan Lama Sekolah
KALIMANTAN TIMUR,2015,9.15,Rata-rata Lama Sekolah
KALIMANTAN TIMUR,2016,13.35,Harapan Lama Sekolah
KALIMANTAN TIMUR,2016,9.24,Rata-rata Lama Sekolah
KALIMANTAN TIMUR,2017,13.49,Harapan Lama Sekolah
KALIMANTAN TIMUR,2017,9.36,Rata-rata Lama Sekolah
KALIMANTAN TIMUR,2018,13.67,Harapan Lama Sekolah
KALIMANTAN TIMUR,2018,9.48,Rata-rata Lama Sekolah
KALIMANTAN TIMUR,2019,13.69,Harapan Lama Sekolah
KALIMANTAN TIMUR,2019,9.7,Rata-rata Lama Sekolah
KALIMANTAN TIMUR,2020,13.72,Harapan Lama Sekolah
KALIMANTAN TIMUR,2020,9.77,Rata-rata Lama Sekolah
KALIMANTAN TIMUR,2021,13.81,Harapan Lama Sekolah
KALIMANTAN TIMUR,2021,9.84,Rata-rata Lama Sekolah
KALIMANTAN TIMUR,2022,13.84,Harapan Lama Sekolah
KALIMANTAN TIMUR,2022,9.92,Rata-rata Lama Sekolah
KALIMANTAN TIMUR,2023,14.02,Harapan Lama Sekolah
KALIMANTAN TIMUR,2023,9.99,Rata-rata Lama Sekolah
KALIMANTAN TIMUR,2024,14.03,Harapan Lama Sekolah
KALIMANTAN TIMUR,2024,10.02,Rata-rata Lama Sekolah
KALIMANTAN UTARA,2010,0.0,Harapan Lama Sekolah
KALIMANTAN UTARA,2010,0.0,Rata-rata Lama Sekolah
KALIMANTAN UTARA,2011,0.0,Harapan Lama Sekolah
KALIMANTAN UTARA,2011,0.0,Rata-rata Lama Sekolah
KALIMANTAN UTARA,2012,0.0,Harapan Lama Sekolah
KALIMANTAN UTARA,2012,0.0,Rata-rata Lama Sekolah
KALIMANTAN UTARA,2013,12.3,Harapan Lama Sekolah
KALIMANTAN UTARA,2013,8.1,Rata-rata Lama Sekolah
KALIMANTAN UTARA,2014,12.52,Harapan Lama Sekolah
KALIMANTAN UTARA,2014,8.35,Rata-rata Lama Sekolah
KALIMANTAN UTARA,2015,12.54,Harapan Lama Sekolah
KALIMANTAN UTARA,2015,8.36,Rata-rata Lama Sekolah
KALIMANTAN UTARA,2016,12.59,Harapan Lama Sekolah
KALIMANTAN UTARA,2016,8.49,Rata-rata Lama Sekolah
KALIMANTAN UTARA,2017,12.79,Harapan Lama Sekolah
KALIMANTAN UTARA,2017,8.62,Rata-rata Lama Sekolah
KALIMANTAN UTARA,2018,12.82,Harapan Lama Sekolah
KALIMANTAN UTARA,2018,8.87,Rata-rata Lama Sekolah
KALIMANTAN UTARA,2019,12.84,Harapan Lama Sekolah
KALIMANTAN UTARA,2019,8.94,Rata-rata Lama Sekolah
KALIMANTAN UTARA,2020,12.93,Harapan Lama Sekolah
KALIMANTAN UTARA,2020,9.0,Rata-rata Lama Sekolah
KALIMANTAN UTARA,2021,12.94,Harapan Lama Sekolah
KALIMANTAN UTARA,2021,9.11,Rata-rata Lama Sekolah
KALIMANTAN UTARA,2022,13.06,Harapan Lama Sekolah
KALIMANTAN UTARA,2022,9.27,Rata-rata Lama Sekolah
KALIMANTAN UTARA,2023,13.2,Harapan Lama Sekolah
KALIMANTAN UTARA,2023,9.34,Rata-rata Lama Sekolah
KALIMANTAN UTARA,2024,13.21,Harapan Lama Sekolah
KALIMANTAN UTARA,2024,9.35,Rata-rata Lama Sekolah
KEPULAUAN BANGKA BELITUNG,2010,10.48,Harapan Lama Sekolah
KEPULAUAN BANGKA BELITUNG,2010,7.07,Rata-rata Lama Sekolah
KEPULAUAN BANGKA BELITUNG,2011,10.7,Harapan Lama Sekolah
KEPULAUAN BANGKA BELITUNG,2011,7.19,Rata-rata Lama Sekolah
KEPULAUAN BANGKA BELITUNG,2012,10.79,Harapan Lama Sekolah
KEPULAUAN BANGKA BELITUNG,2012,7.25,Rata-rata Lama Sekolah
KEPULAUAN BANGKA BELITUNG,2013,10.96,Harapan Lama Sekolah
KEPULAUAN BANGKA BELITUNG,2013,7.32,Rata-rata Lama Sekolah
KEPULAUAN BANGKA BELITUNG,2014,11.18,Harapan Lama Sekolah
KEPULAUAN BANGKA BELITUNG,2014,7.35,Rata-rata Lama Sekolah
KEPULAUAN BANGKA BELITUNG,2015,11.6,Harapan Lama Sekolah
KEPULAUAN BANGKA BELITUNG,2015,7.46,Rata-rata Lama Sekolah
KEPULAUAN BANGKA BELITUNG,2016,11.71,Harapan Lama Sekolah
KEPULAUAN BANGKA BELITUNG,2016,7.62,Rata-rata Lama Sekolah
KEPULAUAN BANGKA BELITUNG,2017,11.83,Harapan Lama Sekolah
KEPULAUAN BANGKA BELITUNG,2017,7.78,Rata-rata Lama Sekolah
KEPULAUAN BANGKA BELITUNG,2018,11.87,Harapan Lama Sekolah
KEPULAUAN BANGKA BELITUNG,2018,7.84,Rata-rata Lama Sekolah
KEPULAUAN BANGKA BELITUNG,2019,11.94,Harapan Lama Sekolah
KEPULAUAN BANGKA BELITUNG,2019,7.98,Rata-rata Lama Sekolah
KEPULAUAN BANGKA BELITUNG,2020,12.05,Harapan Lama Sekolah
KEPULAUAN BANGKA BELITUNG,2020,8.06,Rata-rata Lama Sekolah
KEPULAUAN BANGKA BELITUNG,2021,12.17,Harapan Lama Sekolah
KEPULAUAN BANGKA BELITUNG,2021,8.08,Rata-rata Lama Sekolah
KEPULAUAN BANGKA BELITUNG,2022,12.18,Harapan Lama Sekolah
KEPULAUAN BANGKA BELITUNG,2022,8.11,Rata-rata Lama Sekolah
KEPULAUAN BANGKA BELITUNG,2023,12.31,Harapan Lama Sekolah
KEPULAUAN BANGKA BELITUNG,2023,8.25,Rata-rata Lama Sekolah
KEPULAUAN BANGKA BELITUNG,2024,12.49,Harapan Lama Sekolah
KEPULAUAN BANGKA BELITUNG,2024,8.33,Rata-rata Lama Sekolah
KEPULAUAN RIAU,2010,11.51,Harapan Lama Sekolah
KEPULAUAN RIAU,2010,9.38,Rata-rata Lama Sekolah
KEPULAUAN RIAU,2011,11.61,Harapan Lama Sekolah
KEPULAUAN RIAU,2011,9.46,Rata-rata Lama Sekolah
KEPULAUAN RIAU,2012,11.9,Harapan Lama Sekolah
KEPULAUAN RIAU,2012,9.58,Rata-rata Lama Sekolah
KEPULAUAN RIAU,2013,12.26,Harapan Lama Sekolah
KEPULAUAN RIAU,2013,9.63,Rata-rata Lama Sekolah
KEPULAUAN RIAU,2014,12.51,Harapan Lama Sekolah
KEPULAUAN RIAU,2014,9.64,Rata-rata Lama Sekolah
KEPULAUAN RIAU,2015,12.6,Harapan Lama Sekolah
KEPULAUAN RIAU,2015,9.65,Rata-rata Lama Sekolah
KEPULAUAN RIAU,2016,12.66,Harapan Lama Sekolah
KEPULAUAN RIAU,2016,9.67,Rata-rata Lama Sekolah
KEPULAUAN RIAU,2017,12.81,Harapan Lama Sekolah
KEPULAUAN RIAU,2017,9.79,Rata-rata Lama Sekolah
KEPULAUAN RIAU,2018,12.82,Harapan Lama Sekolah
KEPULAUAN RIAU,2018,9.81,Rata-rata Lama Sekolah
KEPULAUAN RIAU,2019,12.83,Harapan Lama Sekolah
KEPULAUAN RIAU,2019,9.99,Rata-rata Lama Sekolah
KEPULAUAN RIAU,2020,12.87,Harapan Lama Sekolah
KEPULAUAN RIAU,2020,10.12,Rata-rata Lama Sekolah
KEPULAUAN RIAU,2021,12.98,Harapan Lama Sekolah
KEPULAUAN RIAU,2021,10.18,Rata-rata Lama Sekolah
KEPULAUAN RIAU,2022,12.99,Harapan Lama Sekolah
KEPULAUAN RIAU,2022,10.37,Rata-rata Lama Sekolah
KEPULAUAN RIAU,2023,13.05,Harapan Lama Sekolah
KEPULAUAN RIAU,2023,10.41,Rata-rata Lama Sekolah
KEPULAUAN RIAU,2024,13.27,Harapan Lama Sekolah
KEPULAUAN RIAU,2024,10.5,Rata-rata Lama Sekolah
LAMPUNG,2010,10.88,Harapan Lama Sekolah
LAMPUNG,2010,7.26,Rata-rata Lama Sekolah
LAMPUNG,2011,11.04,Harapan Lama Sekolah
LAMPUNG,2011,7.28,Rata-rata Lama Sekolah
LAMPUNG,2012,11.37,Harapan Lama Sekolah
LAMPUNG,2012,7.3,Rata-rata Lama Sekolah
LAMPUNG,2013,11.9,Harapan Lama Sekolah
LAMPUNG,2013,7.32,Rata-rata Lama Sekolah
LAMPUNG,2014,12.24,Harapan Lama Sekolah
LAMPUNG,2014,7.48,Rata-rata Lama Sekolah
LAMPUNG,2015,12.25,Harapan Lama Sekolah
LAMPUNG,2015,7.56,Rata-rata Lama Sekolah
LAMPUNG,2016,12.35,Harapan Lama Sekolah
LAMPUNG,2016,7.63,Rata-rata Lama Sekolah
LAMPUNG,2017,12.46,Harapan Lama Sekolah
LAMPUNG,2017,7.79,Rata-rata Lama Sekolah
LAMPUNG,2018,12.61,Harapan Lama Sekolah
LAMPUNG,2018,7.82,Rata-rata Lama Sekolah
LAMPUNG,2019,12.63,Harapan Lama Sekolah
LAMPUNG,2019,7.92,Rata-rata Lama Sekolah
LAMPUNG,2020,12.65,Harapan Lama Sekolah
LAMPUNG,2020,8.05,Rata-rata Lama Sekolah
LAMPUNG,2021,12.73,Harapan Lama Sekolah
LAMPUNG,2021,8.08,Rata-rata Lama Sekolah
LAMPUNG,2022,12.74,Harapan Lama Sekolah
LAMPUNG,2022,8.18,Rata-rata Lama Sekolah
LAMPUNG,2023,12.77,Harapan Lama Sekolah
LAMPUNG,2023,8.29,Rata-rata Lama Sekolah
LAMPUNG,2024,12.78,Harapan Lama Sekolah
LAMPUNG,2024,8.36,Rata-rata Lama Sekolah
MALUKU,2010,12.62,Harapan Lama Sekolah
MALUKU,2010,8.64,Rata-rata Lama Sekolah
MALUKU,2011,12.85,Harapan Lama Sekolah
MALUKU,2011,8.72,Rata-rata Lama Sekolah
MALUKU,2012,12.96,Harapan Lama Sekolah
MALUKU,2012,8.8,Rata-rata Lama Sekolah
MALUKU,2013,13.35,Harapan Lama Sekolah
MALUKU,2013,8.81,Rata-rata Lama Sekolah
MALUKU,2014,13.53,Harapan Lama Sekolah
MALUKU,2014,9.15,Rata-rata Lama Sekolah
MALUKU,2015,13.56,Harapan Lama Sekolah
MALUKU,2015,9.16,Rata-rata Lama Sekolah
MALUKU,2016,13.73,Harapan Lama Sekolah
MALUKU,2016,9.27,Rata-rata Lama Sekolah
MALUKU,2017,13.91,Harapan Lama Sekolah
MALUKU,2017,9.38,Rata-rata Lama Sekolah
MALUKU,2018,13.92,Harapan Lama Sekolah
MALUKU,2018,9.58,Rata-rata Lama Sekolah
MALUKU,2019,13.94,Harapan Lama Sekolah
MALUKU,2019,9.81,Rata-rata Lama Sekolah
MALUKU,2020,13.96,Harapan Lama Sekolah
MALUKU,2020,9.93,Rata-rata Lama Sekolah
MALUKU,2021,13.97,Harapan Lama Sekolah
MALUKU,2021,10.03,Rata-rata Lama Sekolah
MALUKU,2022,14.0,Harapan Lama Sekolah
MALUKU,2022,10.19,Rata-rata Lama Sekolah
MALUKU,2023,14.08,Harapan Lama Sekolah
MALUKU,2023,10.2,Rata-rata Lama Sekolah
MALUKU,2024,14.09,Harapan Lama Sekolah
MALUKU,2024,10.26,Rata-rata Lama Sekolah
MALUKU UTARA,2010,11.74,Harapan Lama Sekolah
MALUKU UTARA,2010,7.91,Rata-rata Lama Sekolah
MALUKU UTARA,2011,11.79,Harapan Lama Sekolah
MALUKU UTARA,2011,7.98,Rata-rata Lama Sekolah
MALUKU UTARA,2012,12.19,Harapan Lama Sekolah
MALUKU UTARA,2012,8.04,Rata-rata Lama Sekolah
MALUKU UTARA,2013,12.48,Harapan Lama Sekolah
MALUKU UTARA,2013,8.27,Rata-rata Lama Sekolah
MALUKU UTARA,2014,12.72,Harapan Lama Sekolah
MALUKU UTARA,2014,8.34,Rata-rata Lama Sekolah
MALUKU UTARA,2015,13.1,Harapan Lama Sekolah
MALUKU UTARA,2015,8.37,Rata-rata Lama Sekolah
MALUKU UTARA,2016,13.45,Harapan Lama Sekolah
MALUKU UTARA,2016,8.52,Rata-rata Lama Sekolah
MALUKU UTARA,2017,13.56,Harapan Lama Sekolah
MALUKU UTARA,2017,8.61,Rata-rata Lama Sekolah
MALUKU UTARA,2018,13.62,Harapan Lama Sekolah
MALUKU UTARA,2018,8.72,Rata-rata Lama Sekolah
MALUKU UTARA,2019,13.63,Harapan Lama Sekolah
MALUKU UTARA,2019,9.0,Rata-rata Lama Sekolah
MALUKU UTARA,2020,13.67,Harapan Lama Sekolah
MALUKU UTARA,2020,9.04,Rata-rata Lama Sekolah
MALUKU UTARA,2021,13.68,Harapan Lama Sekolah
MALUKU UTARA,2021,9.09,Rata-rata Lama Sekolah
MALUKU UTARA,2022,13.73,Harapan Lama Sekolah
MALUKU UTARA,2022,9.24,Rata-rata Lama Sekolah
MALUKU UTARA,2023,13.74,Harapan Lama Sekolah
MALUKU UTARA,2023,9.26,Rata-rata Lama Sekolah
MALUKU UTARA,2024,13.75,Harapan Lama Sekolah
MALUKU UTARA,2024,9.37,Rata-rata Lama Sekolah
NUSA TENGGARA BARAT,2010,11.66,Harapan Lama Sekolah
NUSA TENGGARA BARAT,2010,5.73,Rata-rata Lama Sekolah
NUSA TENGGARA BARAT,2011,11.97,Harapan Lama Sekolah
NUSA TENGGARA BARAT,2011,6.07,Rata-rata Lama Sekolah
NUSA TENGGARA BARAT,2012,12.21,Harapan Lama Sekolah
NUSA TENGGARA BARAT,2012,6.33,Rata-rata Lama Sekolah
NUSA TENGGARA BARAT,2013,12.46,Harapan Lama Sekolah
NUSA TENGGARA BARAT,2013,6.54,Rata-rata Lama Sekolah
NUSA TENGGARA BARAT,2014,12.73,Harapan Lama Sekolah
NUSA TENGGARA BARAT,2014,6.67,Rata-rata Lama Sekolah
NUSA TENGGARA BARAT,2015,13.04,Harapan Lama Sekolah
NUSA TENGGARA BARAT,2015,6.71,Rata-rata Lama Sekolah
NUSA TENGGARA BARAT,2016,13.16,Harapan Lama Sekolah
NUSA TENGGARA BARAT,2016,6.79,Rata-rata Lama Sekolah
NUSA TENGGARA BARAT,2017,13.46,Harapan Lama Sekolah
NUSA TENGGARA BARAT,2017,6.9,Rata-rata Lama Sekolah
NUSA TENGGARA BARAT,2018,13.47,Harapan Lama Sekolah
NUSA TENGGARA BARAT,2018,7.03,Rata-rata Lama Sekolah
NUSA TENGGARA BARAT,2019,13.48,Harapan Lama Sekolah
NUSA TENGGARA BARAT,2019,7.27,Rata-rata Lama Sekolah
NUSA TENGGARA BARAT,2020,13.7,Harapan Lama Sekolah
NUSA TENGGARA BARAT,2020,7.31,Rata-rata Lama Sekolah
NUSA TENGGARA BARAT,2021,13.9,Harapan Lama Sekolah
NUSA TENGGARA BARAT,2021,7.38,Rata-rata Lama Sekolah
NUSA TENGGARA BARAT,2022,13.96,Harapan Lama Sekolah
NUSA TENGGARA BARAT,2022,7.61,Rata-rata Lama Sekolah
NUSA TENGGARA BARAT,2023,13.97,Harapan Lama Sekolah
NUSA TENGGARA BARAT,2023,7.74,Rata-rata Lama Sekolah
NUSA TENGGARA BARAT,2024,13.98,Harapan Lama Sekolah
NUSA TENGGARA BARAT,2024,7.87,Rata-rata Lama Sekolah
NUSA TENGGARA TIMUR,2010,10.85,Harapan Lama Sekolah
NUSA TENGGARA TIMUR,2010,6.5,Rata-rata Lama Sekolah
NUSA TENGGARA TIMUR,2011,11.55,Harapan Lama Sekolah
NUSA TENGGARA TIMUR,2011,6.6,Rata-rata Lama Sekolah
NUSA TENGGARA TIMUR,2012,11.73,Harapan Lama Sekolah
NUSA TENGGARA TIMUR,2012,6.71,Rata-rata Lama Sekolah
NUSA TENGGARA TIMUR,2013,12.27,Harapan Lama Sekolah
NUSA TENGGARA TIMUR,2013,6.76,Rata-rata Lama Sekolah
NUSA TENGGARA TIMUR,2014,12.65,Harapan Lama Sekolah
NUSA TENGGARA TIMUR,2014,6.85,Rata-rata Lama Sekolah
NUSA TENGGARA TIMUR,2015,12.84,Harapan Lama Sekolah
NUSA TENGGARA TIMUR,2015,6.93,Rata-rata Lama Sekolah
NUSA TENGGARA TIMUR,2016,12.97,Harapan Lama Sekolah
NUSA TENGGARA TIMUR,2016,7.02,Rata-rata Lama Sekolah
NUSA TENGGARA TIMUR,2017,13.07,Harapan Lama Sekolah
NUSA TENGGARA TIMUR,2017,7.15,Rata-rata Lama Sekolah
NUSA TENGGARA TIMUR,2018,13.1,Harapan Lama Sekolah
NUSA TENGGARA TIMUR,2018,7.3,Rata-rata Lama Sekolah
NUSA TENGGARA TIMUR,2019,13.15,Harapan Lama Sekolah
NUSA TENGGARA TIMUR,2019,7.55,Rata-rata Lama Sekolah
NUSA TENGGARA TIMUR,2020,13.18,Harapan Lama Sekolah
NUSA TENGGARA TIMUR,2020,7.63,Rata-rata Lama Sekolah
NUSA TENGGARA TIMUR,2021,13.2,Harapan Lama Sekolah
NUSA TENGGARA TIMUR,2021,7.69,Rata-rata Lama Sekolah
NUSA TENGGARA TIMUR,2022,13.21,Harapan Lama Sekolah
NUSA TENGGARA TIMUR,2022,7.7,Rata-rata Lama Sekolah
NUSA TENGGARA TIMUR,2023,13.22,Harapan Lama Sekolah
NUSA TENGGARA TIMUR,2023,7.82,Rata-rata Lama Sekolah
NUSA TENGGARA TIMUR,2024,13.23,Harapan Lama Sekolah
NUSA TENGGARA TIMUR,2024,8.02,Rata-rata Lama Sekolah
PAPUA,2010,8.57,Harapan Lama Sekolah
PAPUA,2010,5.59,Rata-rata Lama Sekolah
PAPUA,2011,8.92,Harapan Lama Sekolah
PAPUA,2011,5.6,Rata-rata Lama Sekolah
PAPUA,2012,9.11,Harapan Lama Sekolah
PAPUA,2012,5.73,Rata-rata Lama Sekolah
PAPUA,2013,9.58,Harapan Lama Sekolah
PAPUA,2013,5.74,Rata-rata Lama Sekolah
PAPUA,2014,9.94,Harapan Lama Sekolah
PAPUA,2014,5.76,Rata-rata Lama Sekolah
PAPUA,2015,9.95,Harapan Lama Sekolah
PAPUA,2015,5.99,Rata-rata Lama Sekolah
PAPUA,2016,10.23,Harapan Lama Sekolah
PAPUA,2016,6.15,Rata-rata Lama Sekolah
PAPUA,2017,10.54,Harapan Lama Sekolah
PAPUA,2017,6.27,Rata-rata Lama Sekolah
PAPUA,2018,10.83,Harapan Lama Sekolah
PAPUA,2018,6.52,Rata-rata Lama Sekolah
PAPUA,2019,11.05,Harapan Lama Sekolah
PAPUA,2019,6.65,Rata-rata Lama Sekolah
PAPUA,2020,11.08,Harapan Lama Sekolah
PAPUA,2020,6.69,Rata-rata Lama Sekolah
PAPUA,2021,11.11,Harapan Lama Sekolah
PAPUA,2021,6.76,Rata-rata Lama Sekolah
PAPUA,2022,11.14,Harapan Lama Sekolah
PAPUA,2022,7.02,Rata-rata Lama Sekolah
PAPUA,2023,11.15,Harapan Lama Sekolah
PAPUA,2023,7.15,Rata-rata Lama Sekolah
PAPUA,2024,13.72,Harapan Lama Sekolah
PAPUA,2024,9.82,Rata-rata Lama Sekolah
PAPUA BARAT,2010,11.1,Harapan Lama Sekolah
PAPUA BARAT,2010,6.77,Rata-rata Lama Sekolah
PAPUA BARAT,2011,11.21,Harapan Lama Sekolah
PAPUA BARAT,2011,6.82,Rata-rata Lama Sekolah
PAPUA BARAT,2012,11.45,Harapan Lama Sekolah
PAPUA BARAT,2012,6.87,Rata-rata Lama Sekolah
PAPUA BARAT,2013,11.67,Harapan Lama Sekolah
PAPUA BARAT,2013,6.91,Rata-rata Lama Sekolah
PAPUA BARAT,2014,11.87,Harapan Lama Sekolah
PAPUA BARAT,2014,6.96,Rata-rata Lama Sekolah
PAPUA BARAT,2015,12.06,Harapan Lama Sekolah
PAPUA BARAT,2015,7.01,Rata-rata Lama Sekolah
PAPUA BARAT,2016,12.26,Harapan Lama Sekolah
PAPUA BARAT,2016,7.06,Rata-rata Lama Sekolah
PAPUA BARAT,2017,12.47,Harapan Lama Sekolah
PAPUA BARAT,2017,7.15,Rata-rata Lama Sekolah
PAPUA BARAT,2018,12.53,Harapan Lama Sekolah
PAPUA BARAT,2018,7.27,Rata-rata Lama Sekolah
PAPUA BARAT,2019,12.72,Harapan Lama Sekolah
PAPUA BARAT,2019,7.44,Rata-rata Lama Sekolah
PAPUA BARAT,2020,12.91,Harapan Lama Sekolah
PAPUA BARAT,2020,7.6,Rata-rata Lama Sekolah
PAPUA BARAT,2021,13.13,Harapan Lama Sekolah
PAPUA BARAT,2021,7.69,Rata-rata Lama Sekolah
PAPUA BARAT,2022,13.21,Harapan Lama Sekolah
PAPUA BARAT,2022,7.84,Rata-rata Lama Sekolah
PAPUA BARAT,2023,13.34,Harapan Lama Sekolah
PAPUA BARAT,2023,7.93,Rata-rata Lama Sekolah
PAPUA BARAT,2024,13.17,Harapan Lama Sekolah
PAPUA BARAT,2024,7.86,Rata-rata Lama Sekolah
PAPUA BARAT DAYA,2024,13.88,Harapan Lama Sekolah
PAPUA BARAT DAYA,2024,8.39,Rata-rata Lama Sekolah
PAPUA PEGUNUNGAN,2024,9.97,Harapan Lama Sekolah
PAPUA PEGUNUNGAN,2024,4.21,Rata-rata Lama Sekolah
PAPUA SELATAN,2024,12.67,Harapan Lama Sekolah
PAPUA SELATAN,2024,8.38,Rata-rata Lama Sekolah
PAPUA TENGAH,2024,9.63,Harapan Lama Sekolah
PAPUA TENGAH,2024,6.12,Rata-rata Lama Sekolah
RIAU,2010,11.76,Harapan Lama Sekolah
RIAU,2010,8.25,Rata-rata Lama Sekolah
RIAU,2011,11.78,Harapan Lama Sekolah
RIAU,2011,8.29,Rata-rata Lama Sekolah
RIAU,2012,11.79,Harapan Lama Sekolah
RIAU,2012,8.34,Rata-rata Lama Sekolah
RIAU,2013,12.27,Harapan Lama Sekolah
RIAU,2013,8.38,Rata-rata Lama Sekolah
RIAU,2014,12.45,Harapan Lama Sekolah
RIAU,2014,8.47,Rata-rata Lama Sekolah
RIAU,2015,12.74,Harapan Lama Sekolah
RIAU,2015,8.49,Rata-rata Lama Sekolah
RIAU,2016,12.86,Harapan Lama Sekolah
RIAU,2016,8.59,Rata-rata Lama Sekolah
RIAU,2017,13.03,Harapan Lama Sekolah
RIAU,2017,8.76,Rata-rata Lama Sekolah
RIAU,2018,13.11,Harapan Lama Sekolah
RIAU,2018,8.92,Rata-rata Lama Sekolah
RIAU,2019,13.14,Harapan Lama Sekolah
RIAU,2019,9.03,Rata-rata Lama Sekolah
RIAU,2020,13.2,Harapan Lama Sekolah
RIAU,2020,9.14,Rata-rata Lama Sekolah
RIAU,2021,13.28,Harapan Lama Sekolah
RIAU,2021,9.19,Rata-rata Lama Sekolah
RIAU,2022,13.29,Harapan Lama Sekolah
RIAU,2022,9.22,Rata-rata Lama Sekolah
RIAU,2023,13.3,Harapan Lama Sekolah
RIAU,2023,9.32,Rata-rata Lama Sekolah
RIAU,2024,13.42,Harapan Lama Sekolah
RIAU,2024,9.43,Rata-rata Lama Sekolah
SULAWESI BARAT,2010,10.58,Harapan Lama Sekolah
SULAWESI BARAT,2010,6.63,Rata-rata Lama Sekolah
SULAWESI BARAT,2011,11.21,Harapan Lama Sekolah
SULAWESI BARAT,2011,6.65,Rata-rata Lama Sekolah
SULAWESI BARAT,2012,11.28,Harapan Lama Sekolah
SULAWESI BARAT,2012,6.76,Rata-rata Lama Sekolah
SULAWESI BARAT,2013,11.46,Harapan Lama Sekolah
SULAWESI BARAT,2013,6.87,Rata-rata Lama Sekolah
SULAWESI BARAT,2014,11.78,Harapan Lama Sekolah
SULAWESI BARAT,2014,6.88,Rata-rata Lama Sekolah
SULAWESI BARAT,2015,12.22,Harapan Lama Sekolah
SULAWESI BARAT,2015,6.94,Rata-rata Lama Sekolah
SULAWESI BARAT,2016,12.34,Harapan Lama Sekolah
SULAWESI BARAT,2016,7.14,Rata-rata Lama Sekolah
SULAWESI BARAT,2017,12.48,Harapan Lama Sekolah
SULAWESI BARAT,2017,7.31,Rata-rata Lama Sekolah
SULAWESI BARAT,2018,12.59,Harapan Lama Sekolah
SULAWESI BARAT,2018,7.5,Rata-rata Lama Sekolah
SULAWESI BARAT,2019,12.62,Harapan Lama Sekolah
SULAWESI BARAT,2019,7.73,Rata-rata Lama Sekolah
SULAWESI BARAT,2020,12.77,Harapan Lama Sekolah
SULAWESI BARAT,2020,7.89,Rata-rata Lama Sekolah
SULAWESI BARAT,2021,12.86,Harapan Lama Sekolah
SULAWESI BARAT,2021,7.96,Rata-rata Lama Sekolah
SULAWESI BARAT,2022,12.87,Harapan Lama Sekolah
SULAWESI BARAT,2022,8.08,Rata-rata Lama Sekolah
SULAWESI BARAT,2023,12.88,Harapan Lama Sekolah
SULAWESI BARAT,2023,8.13,Rata-rata Lama Sekolah
SULAWESI BARAT,2024,12.89,Harapan Lama Sekolah
SULAWESI BARAT,2024,8.15,Rata-rata Lama Sekolah
SULAWESI SELATAN,2010,11.47,Harapan Lama Sekolah
SULAWESI SELATAN,2010,7.29,Rata-rata Lama Sekolah
SULAWESI SELATAN,2011,11.82,Harapan Lama Sekolah
SULAWESI SELATAN,2011,7.33,Rata-rata Lama Sekolah
SULAWESI SELATAN,2012,12.16,Harapan Lama Sekolah
SULAWESI SELATAN,2012,7.37,Rata-rata Lama Sekolah
SULAWESI SELATAN,2013,12.52,Harapan Lama Sekolah
SULAWESI SELATAN,2013,7.45,Rata-rata Lama Sekolah
SULAWESI SELATAN,2014,12.9,Harapan Lama Sekolah
SULAWESI SELATAN,2014,7.49,Rata-rata Lama Sekolah
SULAWESI SELATAN,2015,12.99,Harapan Lama Sekolah
SULAWESI SELATAN,2015,7.64,Rata-rata Lama Sekolah
SULAWESI SELATAN,2016,13.16,Harapan Lama Sekolah
SULAWESI SELATAN,2016,7.75,Rata-rata Lama Sekolah
SULAWESI SELATAN,2017,13.28,Harapan Lama Sekolah
SULAWESI SELATAN,2017,7.95,Rata-rata Lama Sekolah
SULAWESI SELATAN,2018,13.34,Harapan Lama Sekolah
SULAWESI SELATAN,2018,8.02,Rata-rata Lama Sekolah
SULAWESI SELATAN,2019,13.36,Harapan Lama Sekolah
SULAWESI SELATAN,2019,8.26,Rata-rata Lama Sekolah
SULAWESI SELATAN,2020,13.45,Harapan Lama Sekolah
SULAWESI SELATAN,2020,8.38,Rata-rata Lama Sekolah
SULAWESI SELATAN,2021,13.52,Harapan Lama Sekolah
SULAWESI SELATAN,2021,8.46,Rata-rata Lama Sekolah
SULAWESI SELATAN,2022,13.53,Harapan Lama Sekolah
SULAWESI SELATAN,2022,8.63,Rata-rata Lama Sekolah
SULAWESI SELATAN,2023,13.54,Harapan Lama Sekolah
SULAWESI SELATAN,2023,8.76,Rata-rata Lama Sekolah
SULAWESI SELATAN,2024,13.55,Harapan Lama Sekolah
SULAWESI SELATAN,2024,8.86,Rata-rata Lama Sekolah
SULAWESI TENGAH,2010,11.17,Harapan Lama Sekolah
SULAWESI TENGAH,2010,7.65,Rata-rata Lama Sekolah
SULAWESI TENGAH,2011,11.82,Harapan Lama Sekolah
SULAWESI TENGAH,2011,7.69,Rata-rata Lama Sekolah
SULAWESI TENGAH,2012,12.09,Harapan Lama Sekolah
SULAWESI TENGAH,2012,7.73,Rata-rata Lama Sekolah
SULAWESI TENGAH,2013,12.36,Harapan Lama Sekolah
SULAWESI TENGAH,2013,7.82,Rata-rata Lama Sekolah
SULAWESI TENGAH,2014,12.71,Harapan Lama Sekolah
SULAWESI TENGAH,2014,7.89,Rata-rata Lama Sekolah
SULAWESI TENGAH,2015,12.72,Harapan Lama Sekolah
SULAWESI TENGAH,2015,7.97,Rata-rata Lama Sekolah
SULAWESI TENGAH,2016,12.92,Harapan Lama Sekolah
SULAWESI TENGAH,2016,8.12,Rata-rata Lama Sekolah
SULAWESI TENGAH,2017,13.04,Harapan Lama Sekolah
SULAWESI TENGAH,2017,8.29,Rata-rata Lama Sekolah
SULAWESI TENGAH,2018,13.13,Harapan Lama Sekolah
SULAWESI TENGAH,2018,8.52,Rata-rata Lama Sekolah
SULAWESI TENGAH,2019,13.14,Harapan Lama Sekolah
SULAWESI TENGAH,2019,8.75,Rata-rata Lama Sekolah
SULAWESI TENGAH,2020,13.17,Harapan Lama Sekolah
SULAWESI TENGAH,2020,8.83,Rata-rata Lama Sekolah
SULAWESI TENGAH,2021,13.23,Harapan Lama Sekolah
SULAWESI TENGAH,2021,8.89,Rata-rata Lama Sekolah
SULAWESI TENGAH,2022,13.32,Harapan Lama Sekolah
SULAWESI TENGAH,2022,8.89,Rata-rata Lama Sekolah
SULAWESI TENGAH,2023,13.33,Harapan Lama Sekolah
SULAWESI TENGAH,2023,8.96,Rata-rata Lama Sekolah
SULAWESI TENGAH,2024,13.34,Harapan Lama Sekolah
SULAWESI TENGAH,2024,9.04,Rata-rata Lama Sekolah
SULAWESI TENGGARA,2010,12.15,Harapan Lama Sekolah
SULAWESI TENGGARA,2010,7.57,Rata-rata Lama Sekolah
SULAWESI TENGGARA,2011,12.3,Harapan Lama Sekolah
SULAWESI TENGGARA,2011,7.67,Rata-rata Lama Sekolah
SULAWESI TENGGARA,2012,12.45,Harapan Lama Sekolah
SULAWESI TENGGARA,2012,7.76,Rata-rata Lama Sekolah
SULAWESI TENGGARA,2013,12.45,Harapan Lama Sekolah
SULAWESI TENGGARA,2013,7.93,Rata-rata Lama Sekolah
SULAWESI TENGGARA,2014,12.78,Harapan Lama Sekolah
SULAWESI TENGGARA,2014,8.02,Rata-rata Lama Sekolah
SULAWESI TENGGARA,2015,13.07,Harapan Lama Sekolah
SULAWESI TENGGARA,2015,8.18,Rata-rata Lama Sekolah
SULAWESI TENGGARA,2016,13.24,Harapan Lama Sekolah
SULAWESI TENGGARA,2016,8.32,Rata-rata Lama Sekolah
SULAWESI TENGGARA,2017,13.36,Harapan Lama Sekolah
SULAWESI TENGGARA,2017,8.46,Rata-rata Lama Sekolah
SULAWESI TENGGARA,2018,13.53,Harapan Lama Sekolah
SULAWESI TENGGARA,2018,8.69,Rata-rata Lama Sekolah
SULAWESI TENGGARA,2019,13.55,Harapan Lama Sekolah
SULAWESI TENGGARA,2019,8.91,Rata-rata Lama Sekolah
SULAWESI TENGGARA,2020,13.65,Harapan Lama Sekolah
SULAWESI TENGGARA,2020,9.04,Rata-rata Lama Sekolah
SULAWESI TENGGARA,2021,13.68,Harapan Lama Sekolah
SULAWESI TENGGARA,2021,9.13,Rata-rata Lama Sekolah
SULAWESI TENGGARA,2022,13.69,Harapan Lama Sekolah
SULAWESI TENGGARA,2022,9.25,Rata-rata Lama Sekolah
SULAWESI TENGGARA,2023,13.7,Harapan Lama Sekolah
SULAWESI TENGGARA,2023,9.31,Rata-rata Lama Sekolah
SULAWESI TENGGARA,2024,13.71,Harapan Lama Sekolah
SULAWESI TENGGARA,2024,9.42,Rata-rata Lama Sekolah
SULAWESI UTARA,2010,11.34,Harapan Lama Sekolah
SULAWESI UTARA,2010,8.66,Rata-rata Lama Sekolah
SULAWESI UTARA,2011,11.5,Harapan Lama Sekolah
SULAWESI UTARA,2011,8.68,Rata-rata Lama Sekolah
SULAWESI UTARA,2012,11.77,Harapan Lama Sekolah
SULAWESI UTARA,2012,8.71,Rata-rata Lama Sekolah
SULAWESI UTARA,2013,11.88,Harapan Lama Sekolah
SULAWESI UTARA,2013,8.79,Rata-rata Lama Sekolah
SULAWESI UTARA,2014,12.16,Harapan Lama Sekolah
SULAWESI UTARA,2014,8.86,Rata-rata Lama Sekolah
SULAWESI UTARA,2015,12.43,Harapan Lama Sekolah
SULAWESI UTARA,2015,8.88,Rata-rata Lama Sekolah
SULAWESI UTARA,2016,12.55,Harapan Lama Sekolah
SULAWESI UTARA,2016,8.96,Rata-rata Lama Sekolah
SULAWESI UTARA,2017,12.66,Harapan Lama Sekolah
SULAWESI UTARA,2017,9.14,Rata-rata Lama Sekolah
SULAWESI UTARA,2018,12.68,Harapan Lama Sekolah
SULAWESI UTARA,2018,9.24,Rata-rata Lama Sekolah
SULAWESI UTARA,2019,12.73,Harapan Lama Sekolah
SULAWESI UTARA,2019,9.43,Rata-rata Lama Sekolah
SULAWESI UTARA,2020,12.85,Harapan Lama Sekolah
SULAWESI UTARA,2020,9.49,Rata-rata Lama Sekolah
SULAWESI UTARA,2021,12.94,Harapan Lama Sekolah
SULAWESI UTARA,2021,9.62,Rata-rata Lama Sekolah
SULAWESI UTARA,2022,12.95,Harapan Lama Sekolah
SULAWESI UTARA,2022,9.68,Rata-rata Lama Sekolah
SULAWESI UTARA,2023,12.96,Harapan Lama Sekolah
SULAWESI UTARA,2023,9.77,Rata-rata Lama Sekolah
SULAWESI UTARA,2024,12.97,Harapan Lama Sekolah
SULAWESI UTARA,2024,9.84,Rata-rata Lama Sekolah
SUMATERA BARAT,2010,12.22,Harapan Lama Sekolah
SUMATERA BARAT,2010,8.13,Rata-rata Lama Sekolah
SUMATERA BARAT,2011,12.52,Harapan Lama Sekolah
SUMATERA BARAT,2011,8.2,Rata-rata Lama Sekolah
SUMATERA BARAT,2012,12.81,Harapan Lama Sekolah
SUMATERA BARAT,2012,8.27,Rata-rata Lama Sekolah
SUMATERA BARAT,2013,13.16,Harapan Lama Sekolah
SUMATERA BARAT,2013,8.28,Rata-rata Lama Sekolah
SUMATERA BARAT,2014,13.48,Harapan Lama Sekolah
SUMATERA BARAT,2014,8.29,Rata-rata Lama Sekolah
SUMATERA BARAT,2015,13.6,Harapan Lama Sekolah
SUMATERA BARAT,2015,8.42,Rata-rata Lama Sekolah
SUMATERA BARAT,2016,13.79,Harapan Lama Sekolah
SUMATERA BARAT,2016,8.59,Rata-rata Lama Sekolah
SUMATERA BARAT,2017,13.94,Harapan Lama Sekolah
SUMATERA BARAT,2017,8.72,Rata-rata Lama Sekolah
SUMATERA BARAT,2018,13.95,Harapan Lama Sekolah
SUMATERA BARAT,2018,8.76,Rata-rata Lama Sekolah
SUMATERA BARAT,2019,14.01,Harapan Lama Sekolah
SUMATERA BARAT,2019,8.92,Rata-rata Lama Sekolah
SUMATERA BARAT,2020,14.02,Harapan Lama Sekolah
SUMATERA BARAT,2020,8.99,Rata-rata Lama Sekolah
SUMATERA BARAT,2021,14.09,Harapan Lama Sekolah
SUMATERA BARAT,2021,9.07,Rata-rata Lama Sekolah
SUMATERA BARAT,2022,14.1,Harapan Lama Sekolah
SUMATERA BARAT,2022,9.18,Rata-rata Lama Sekolah
SUMATERA BARAT,2023,14.11,Harapan Lama Sekolah
SUMATERA BARAT,2023,9.28,Rata-rata Lama Sekolah
SUMATERA BARAT,2024,14.3,Harapan Lama Sekolah
SUMATERA BARAT,2024,9.44,Rata-rata Lama Sekolah
SUMATERA SELATAN,2010,11.03,Harapan Lama Sekolah
SUMATERA SELATAN,2010,7.34,Rata-rata Lama Sekolah
SUMATERA SELATAN,2011,11.21,Harapan Lama Sekolah
SUMATERA SELATAN,2011,7.42,Rata-rata Lama Sekolah
SUMATERA SELATAN,2012,11.42,Harapan Lama Sekolah
SUMATERA SELATAN,2012,7.5,Rata-rata Lama Sekolah
SUMATERA SELATAN,2013,11.46,Harapan Lama Sekolah
SUMATERA SELATAN,2013,7.53,Rata-rata Lama Sekolah
SUMATERA SELATAN,2014,11.75,Harapan Lama Sekolah
SUMATERA SELATAN,2014,7.66,Rata-rata Lama Sekolah
SUMATERA SELATAN,2015,12.02,Harapan Lama Sekolah
SUMATERA SELATAN,2015,7.77,Rata-rata Lama Sekolah
SUMATERA SELATAN,2016,12.23,Harapan Lama Sekolah
SUMATERA SELATAN,2016,7.83,Rata-rata Lama Sekolah
SUMATERA SELATAN,2017,12.35,Harapan Lama Sekolah
SUMATERA SELATAN,2017,7.99,Rata-rata Lama Sekolah
SUMATERA SELATAN,2018,12.36,Harapan Lama Sekolah
SUMATERA SELATAN,2018,8.0,Rata-rata Lama Sekolah
SUMATERA SELATAN,2019,12.39,Harapan Lama Sekolah
SUMATERA SELATAN,2019,8.18,Rata-rata Lama Sekolah
SUMATERA SELATAN,2020,12.45,Harapan Lama Sekolah
SUMATERA SELATAN,2020,8.24,Rata-rata Lama Sekolah
SUMATERA SELATAN,2021,12.54,Harapan Lama Sekolah
SUMATERA SELATAN,2021,8.3,Rata-rata Lama Sekolah
SUMATERA SELATAN,2022,12.55,Harapan Lama Sekolah
SUMATERA SELATAN,2022,8.37,Rata-rata Lama Sekolah
SUMATERA SELATAN,2023,12.63,Harapan Lama Sekolah
SUMATERA SELATAN,2023,8.5,Rata-rata Lama Sekolah
SUMATERA SELATAN,2024,12.64,Harapan Lama Sekolah
SUMATERA SELATAN,2024,8.57,Rata-rata Lama Sekolah
SUMATERA UTARA,2010,11.82,Harapan Lama Sekolah
SUMATERA UTARA,2010,8.51,Rata-rata Lama Sekolah
SUMATERA UTARA,2011,11.83,Harapan Lama Sekolah
SUMATERA UTARA,2011,8.61,Rata-rata Lama Sekolah
SUMATERA UTARA,2012,11.97,Harapan Lama Sekolah
SUMATERA UTARA,2012,8.72,Rata-rata Lama Sekolah
SUMATERA UTARA,2013,12.41,Harapan Lama Sekolah
SUMATERA UTARA,2013,8.79,Rata-rata Lama Sekolah
SUMATERA UTARA,2014,12.61,Harapan Lama Sekolah
SUMATERA UTARA,2014,8.93,Rata-rata Lama Sekolah
SUMATERA UTARA,2015,12.82,Harapan Lama Sekolah
SUMATERA UTARA,2015,9.03,Rata-rata Lama Sekolah
SUMATERA UTARA,2016,13.0,Harapan Lama Sekolah
SUMATERA UTARA,2016,9.12,Rata-rata Lama Sekolah
SUMATERA UTARA,2017,13.1,Harapan Lama Sekolah
SUMATERA UTARA,2017,9.25,Rata-rata Lama Sekolah
SUMATERA UTARA,2018,13.14,Harapan Lama Sekolah
SUMATERA UTARA,2018,9.34,Rata-rata Lama Sekolah
SUMATERA UTARA,2019,13.15,Harapan Lama Sekolah
SUMATERA UTARA,2019,9.45,Rata-rata Lama Sekolah
SUMATERA UTARA,2020,13.23,Harapan Lama Sekolah
SUMATERA UTARA,2020,9.54,Rata-rata Lama Sekolah
SUMATERA UTARA,2021,13.27,Harapan Lama Sekolah
SUMATERA UTARA,2021,9.58,Rata-rata Lama Sekolah
SUMATERA UTARA,2022,13.31,Harapan Lama Sekolah
SUMATERA UTARA,2022,9.71,Rata-rata Lama Sekolah
SUMATERA UTARA,2023,13.48,Harapan Lama Sekolah
SUMATERA UTARA,2023,9.82,Rata-rata Lama Sekolah
SUMATERA UTARA,2024,13.49,Harapan Lama Sekolah
SUMATERA UTARA,2024,9.93,Rata-rata Lama Sekolah
